round,hero_dbf_id,hero_name,minion_dbf_id,minion_name,board_state,board_state_predicate,board_predicate_match,purchased,times_occurred,top1_wr,top4_wr,finished_top1,finished_top4
"4","59397","Patchwerk","48","Voidwalker","Alleycat","%40426%","false","true","755","10.19","60.92","77","460"
"4","59397","Patchwerk","48","Voidwalker","Alleycat","%40426%","true","true","143","7.69","63.63","11","91"
"4","59397","Patchwerk","48","Voidwalker","Empty Board","","false","true","896","9.82","61.49","88","551"
"4","59397","Patchwerk","48","Voidwalker","Empty Board","","true","true","2","0.00","0.00","0","0"
"4","59397","Patchwerk","48","Voidwalker","Murloc Tidehunter","%976%","false","true","699","10.44","61.51","73","430"
"4","59397","Patchwerk","48","Voidwalker","Murloc Tidehunter","%976%","true","true","199","7.53","60.80","15","121"
"4","59397","Patchwerk","48","Voidwalker","Nightmare Amalgam","%49502%","false","true","860","9.53","61.04","82","525"
"4","59397","Patchwerk","48","Voidwalker","Nightmare Amalgam","%49502%","true","true","38","15.78","68.42","6","26"
"4","59397","Patchwerk","48","Voidwalker","Rockpool Hunter","%41245%","false","true","823","9.47","61.36","78","505"
"4","59397","Patchwerk","48","Voidwalker","Rockpool Hunter","%41245%","true","true","75","13.33","61.33","10","46"
"4","59397","Patchwerk","48","Voidwalker","Tidehunter, Tidehunter","%976%976%","false","true","869","9.55","61.44","83","534"
"4","59397","Patchwerk","48","Voidwalker","Tidehunter, Tidehunter","%976%976%","true","true","29","17.24","58.62","5","17"
"4","59397","Patchwerk","48","Voidwalker","Vulgar Homunculus","%43121%","false","true","636","10.06","62.73","64","399"
"4","59397","Patchwerk","48","Voidwalker","Vulgar Homunculus","%43121%","true","true","262","9.16","58.01","24","152"
"4","59397","Patchwerk","453","Coldlight Seer","Alleycat","%40426%","false","true","1800","23.61","68.11","425","1226"
"4","59397","Patchwerk","453","Coldlight Seer","Alleycat","%40426%","true","true","462","22.51","70.99","104","328"
"4","59397","Patchwerk","453","Coldlight Seer","Empty Board","","false","true","2253","23.43","68.66","528","1547"
"4","59397","Patchwerk","453","Coldlight Seer","Empty Board","","true","true","9","11.11","77.77","1","7"
"4","59397","Patchwerk","453","Coldlight Seer","Murloc Tidehunter","%976%","false","true","1269","21.90","67.53","278","857"
"4","59397","Patchwerk","453","Coldlight Seer","Murloc Tidehunter","%976%","true","true","993","25.27","70.19","251","697"
"4","59397","Patchwerk","453","Coldlight Seer","Nightmare Amalgam","%49502%","false","true","1837","22.31","66.79","410","1227"
"4","59397","Patchwerk","453","Coldlight Seer","Nightmare Amalgam","%49502%","true","true","425","28.00","76.94","119","327"
"4","59397","Patchwerk","453","Coldlight Seer","Rockpool Hunter","%41245%","false","true","1513","23.33","68.40","353","1035"
"4","59397","Patchwerk","453","Coldlight Seer","Rockpool Hunter","%41245%","true","true","749","23.49","69.29","176","519"
"4","59397","Patchwerk","453","Coldlight Seer","Tidehunter, Tidehunter","%976%976%","false","true","2048","23.19","68.31","475","1399"
"4","59397","Patchwerk","453","Coldlight Seer","Tidehunter, Tidehunter","%976%976%","true","true","214","25.23","72.42","54","155"
"4","59397","Patchwerk","453","Coldlight Seer","Vulgar Homunculus","%43121%","false","true","2042","23.94","69.49","489","1419"
"4","59397","Patchwerk","453","Coldlight Seer","Vulgar Homunculus","%43121%","true","true","220","18.18","61.36","40","135"
"4","59397","Patchwerk","475","Murloc Tidecaller","Alleycat","%40426%","false","true","774","18.34","56.71","142","439"
"4","59397","Patchwerk","475","Murloc Tidecaller","Alleycat","%40426%","true","true","169","17.15","65.68","29","111"
"4","59397","Patchwerk","475","Murloc Tidecaller","Empty Board","","false","true","943","18.13","58.32","171","550"
"4","59397","Patchwerk","475","Murloc Tidecaller","Murloc Tidehunter","%976%","false","true","543","16.02","55.80","87","303"
"4","59397","Patchwerk","475","Murloc Tidecaller","Murloc Tidehunter","%976%","true","true","400","21.00","61.75","84","247"
"4","59397","Patchwerk","475","Murloc Tidecaller","Nightmare Amalgam","%49502%","false","true","847","17.23","56.78","146","481"
"4","59397","Patchwerk","475","Murloc Tidecaller","Nightmare Amalgam","%49502%","true","true","96","26.04","71.87","25","69"
"4","59397","Patchwerk","475","Murloc Tidecaller","Rockpool Hunter","%41245%","false","true","663","18.25","59.57","121","395"
"4","59397","Patchwerk","475","Murloc Tidecaller","Rockpool Hunter","%41245%","true","true","280","17.85","55.35","50","155"
"4","59397","Patchwerk","475","Murloc Tidecaller","Tidehunter, Tidehunter","%976%976%","false","true","870","18.50","57.58","161","501"
"4","59397","Patchwerk","475","Murloc Tidecaller","Tidehunter, Tidehunter","%976%976%","true","true","73","13.69","67.12","10","49"
"4","59397","Patchwerk","475","Murloc Tidecaller","Vulgar Homunculus","%43121%","false","true","850","18.00","58.47","153","497"
"4","59397","Patchwerk","475","Murloc Tidecaller","Vulgar Homunculus","%43121%","true","true","93","19.35","56.98","18","53"
"4","59397","Patchwerk","736","Old Murk-Eye","Alleycat","%40426%","false","true","1558","21.69","66.68","338","1039"
"4","59397","Patchwerk","736","Old Murk-Eye","Alleycat","%40426%","true","true","441","22.44","69.38","99","306"
"4","59397","Patchwerk","736","Old Murk-Eye","Empty Board","","false","true","1985","22.01","67.55","437","1341"
"4","59397","Patchwerk","736","Old Murk-Eye","Empty Board","","true","true","14","0.00","28.57","0","4"
"4","59397","Patchwerk","736","Old Murk-Eye","Murloc Tidehunter","%976%","false","true","1154","19.41","65.94","224","761"
"4","59397","Patchwerk","736","Old Murk-Eye","Murloc Tidehunter","%976%","true","true","845","25.20","69.11","213","584"
"4","59397","Patchwerk","736","Old Murk-Eye","Nightmare Amalgam","%49502%","false","true","1724","21.17","65.89","365","1136"
"4","59397","Patchwerk","736","Old Murk-Eye","Nightmare Amalgam","%49502%","true","true","275","26.18","76.00","72","209"
"4","59397","Patchwerk","736","Old Murk-Eye","Rockpool Hunter","%41245%","false","true","1496","21.25","67.64","318","1012"
"4","59397","Patchwerk","736","Old Murk-Eye","Rockpool Hunter","%41245%","true","true","503","23.65","66.20","119","333"
"4","59397","Patchwerk","736","Old Murk-Eye","Tidehunter, Tidehunter","%976%976%","false","true","1812","21.41","66.88","388","1212"
"4","59397","Patchwerk","736","Old Murk-Eye","Tidehunter, Tidehunter","%976%976%","true","true","187","26.20","71.12","49","133"
"4","59397","Patchwerk","736","Old Murk-Eye","Vulgar Homunculus","%43121%","false","true","1741","22.74","68.00","396","1184"
"4","59397","Patchwerk","736","Old Murk-Eye","Vulgar Homunculus","%43121%","true","true","258","15.89","62.40","41","161"
"4","59397","Patchwerk","778","Harvest Golem","Alleycat","%40426%","false","true","1470","15.91","65.23","234","959"
"4","59397","Patchwerk","778","Harvest Golem","Alleycat","%40426%","true","true","483","16.35","66.25","79","320"
"4","59397","Patchwerk","778","Harvest Golem","Empty Board","","false","true","1930","16.11","65.54","311","1265"
"4","59397","Patchwerk","778","Harvest Golem","Empty Board","","true","true","23","8.69","60.86","2","14"
"4","59397","Patchwerk","778","Harvest Golem","Murloc Tidehunter","%976%","false","true","1346","14.93","64.19","201","864"
"4","59397","Patchwerk","778","Harvest Golem","Murloc Tidehunter","%976%","true","true","607","18.45","68.36","112","415"
"4","59397","Patchwerk","778","Harvest Golem","Nightmare Amalgam","%49502%","false","true","1696","14.91","64.03","253","1086"
"4","59397","Patchwerk","778","Harvest Golem","Nightmare Amalgam","%49502%","true","true","257","23.34","75.09","60","193"
"4","59397","Patchwerk","778","Harvest Golem","Rockpool Hunter","%41245%","false","true","1638","14.95","66.11","245","1083"
"4","59397","Patchwerk","778","Harvest Golem","Rockpool Hunter","%41245%","true","true","315","21.58","62.22","68","196"
"4","59397","Patchwerk","778","Harvest Golem","Tidehunter, Tidehunter","%976%976%","false","true","1864","15.93","65.50","297","1221"
"4","59397","Patchwerk","778","Harvest Golem","Tidehunter, Tidehunter","%976%976%","true","true","89","17.97","65.16","16","58"
"4","59397","Patchwerk","778","Harvest Golem","Vulgar Homunculus","%43121%","false","true","1608","16.41","65.23","264","1049"
"4","59397","Patchwerk","778","Harvest Golem","Vulgar Homunculus","%43121%","true","true","345","14.20","66.66","49","230"
"4","59397","Patchwerk","962","The Beast","Alleycat","%40426%","false","true","1","0.00","100.00","0","1"
"4","59397","Patchwerk","962","The Beast","Empty Board","","false","true","1","0.00","100.00","0","1"
"4","59397","Patchwerk","962","The Beast","Murloc Tidehunter","%976%","true","true","1","0.00","100.00","0","1"
"4","59397","Patchwerk","962","The Beast","Nightmare Amalgam","%49502%","false","true","1","0.00","100.00","0","1"
"4","59397","Patchwerk","962","The Beast","Rockpool Hunter","%41245%","false","true","1","0.00","100.00","0","1"
"4","59397","Patchwerk","962","The Beast","Tidehunter, Tidehunter","%976%976%","false","true","1","0.00","100.00","0","1"
"4","59397","Patchwerk","962","The Beast","Vulgar Homunculus","%43121%","false","true","1","0.00","100.00","0","1"
"4","59397","Patchwerk","976","Murloc Tidehunter","Alleycat","%40426%","false","true","1899","19.85","63.03","377","1197"
"4","59397","Patchwerk","976","Murloc Tidehunter","Alleycat","%40426%","true","true","574","18.29","63.58","105","365"
"4","59397","Patchwerk","976","Murloc Tidehunter","Empty Board","","false","true","2459","19.39","63.15","477","1553"
"4","59397","Patchwerk","976","Murloc Tidehunter","Empty Board","","true","true","14","35.71","64.28","5","9"
"4","59397","Patchwerk","976","Murloc Tidehunter","Murloc Tidehunter","%976%","false","true","1366","16.91","60.76","231","830"
"4","59397","Patchwerk","976","Murloc Tidehunter","Murloc Tidehunter","%976%","true","true","1107","22.67","66.12","251","732"
"4","59397","Patchwerk","976","Murloc Tidehunter","Nightmare Amalgam","%49502%","false","true","2187","18.65","62.32","408","1363"
"4","59397","Patchwerk","976","Murloc Tidehunter","Nightmare Amalgam","%49502%","true","true","286","25.87","69.58","74","199"
"4","59397","Patchwerk","976","Murloc Tidehunter","Rockpool Hunter","%41245%","false","true","1925","18.70","62.85","360","1210"
"4","59397","Patchwerk","976","Murloc Tidehunter","Rockpool Hunter","%41245%","true","true","548","22.26","64.23","122","352"
"4","59397","Patchwerk","976","Murloc Tidehunter","Tidehunter, Tidehunter","%976%976%","false","true","2306","19.68","62.66","454","1445"
"4","59397","Patchwerk","976","Murloc Tidehunter","Tidehunter, Tidehunter","%976%976%","true","true","167","16.76","70.05","28","117"
"4","59397","Patchwerk","976","Murloc Tidehunter","Vulgar Homunculus","%43121%","false","true","2105","20.38","63.84","429","1344"
"4","59397","Patchwerk","976","Murloc Tidehunter","Vulgar Homunculus","%43121%","true","true","368","14.40","59.23","53","218"
"4","59397","Patchwerk","985","Dire Wolf Alpha","Alleycat","%40426%","false","true","738","13.27","60.84","98","449"
"4","59397","Patchwerk","985","Dire Wolf Alpha","Alleycat","%40426%","true","true","270","11.11","60.37","30","163"
"4","59397","Patchwerk","985","Dire Wolf Alpha","Empty Board","","false","true","1002","12.77","60.57","128","607"
"4","59397","Patchwerk","985","Dire Wolf Alpha","Empty Board","","true","true","6","0.00","83.33","0","5"
"4","59397","Patchwerk","985","Dire Wolf Alpha","Murloc Tidehunter","%976%","false","true","722","11.91","61.08","86","441"
"4","59397","Patchwerk","985","Dire Wolf Alpha","Murloc Tidehunter","%976%","true","true","286","14.68","59.79","42","171"
"4","59397","Patchwerk","985","Dire Wolf Alpha","Nightmare Amalgam","%49502%","false","true","929","12.27","59.74","114","555"
"4","59397","Patchwerk","985","Dire Wolf Alpha","Nightmare Amalgam","%49502%","true","true","79","17.72","72.15","14","57"
"4","59397","Patchwerk","985","Dire Wolf Alpha","Rockpool Hunter","%41245%","false","true","878","12.52","61.50","110","540"
"4","59397","Patchwerk","985","Dire Wolf Alpha","Rockpool Hunter","%41245%","true","true","130","13.84","55.38","18","72"
"4","59397","Patchwerk","985","Dire Wolf Alpha","Tidehunter, Tidehunter","%976%976%","false","true","963","12.25","60.85","118","586"
"4","59397","Patchwerk","985","Dire Wolf Alpha","Tidehunter, Tidehunter","%976%976%","true","true","45","22.22","57.77","10","26"
"4","59397","Patchwerk","985","Dire Wolf Alpha","Vulgar Homunculus","%43121%","false","true","829","12.54","60.07","104","498"
"4","59397","Patchwerk","985","Dire Wolf Alpha","Vulgar Homunculus","%43121%","true","true","179","13.40","63.68","24","114"
"4","59397","Patchwerk","1003","Houndmaster","Alleycat","%40426%","false","true","15","0.00","60.00","0","9"
"4","59397","Patchwerk","1003","Houndmaster","Alleycat","%40426%","true","true","10","20.00","80.00","2","8"
"4","59397","Patchwerk","1003","Houndmaster","Empty Board","","false","true","15","13.33","80.00","2","12"
"4","59397","Patchwerk","1003","Houndmaster","Empty Board","","true","true","10","0.00","50.00","0","5"
"4","59397","Patchwerk","1003","Houndmaster","Murloc Tidehunter","%976%","false","true","20","10.00","65.00","2","13"
"4","59397","Patchwerk","1003","Houndmaster","Murloc Tidehunter","%976%","true","true","5","0.00","80.00","0","4"
"4","59397","Patchwerk","1003","Houndmaster","Nightmare Amalgam","%49502%","false","true","25","8.00","68.00","2","17"
"4","59397","Patchwerk","1003","Houndmaster","Rockpool Hunter","%41245%","false","true","25","8.00","68.00","2","17"
"4","59397","Patchwerk","1003","Houndmaster","Tidehunter, Tidehunter","%976%976%","false","true","25","8.00","68.00","2","17"
"4","59397","Patchwerk","1003","Houndmaster","Vulgar Homunculus","%43121%","false","true","25","8.00","68.00","2","17"
"4","59397","Patchwerk","1063","Murloc Warleader","Alleycat","%40426%","false","true","1771","22.07","66.74","391","1182"
"4","59397","Patchwerk","1063","Murloc Warleader","Alleycat","%40426%","true","true","446","18.16","67.93","81","303"
"4","59397","Patchwerk","1063","Murloc Warleader","Empty Board","","false","true","2201","21.30","66.92","469","1473"
"4","59397","Patchwerk","1063","Murloc Warleader","Empty Board","","true","true","16","18.75","75.00","3","12"
"4","59397","Patchwerk","1063","Murloc Warleader","Murloc Tidehunter","%976%","false","true","1223","20.60","66.39","252","812"
"4","59397","Patchwerk","1063","Murloc Warleader","Murloc Tidehunter","%976%","true","true","994","22.13","67.70","220","673"
"4","59397","Patchwerk","1063","Murloc Warleader","Nightmare Amalgam","%49502%","false","true","1875","19.78","65.38","371","1226"
"4","59397","Patchwerk","1063","Murloc Warleader","Nightmare Amalgam","%49502%","true","true","342","29.53","75.73","101","259"
"4","59397","Patchwerk","1063","Murloc Warleader","Rockpool Hunter","%41245%","false","true","1580","20.31","66.89","321","1057"
"4","59397","Patchwerk","1063","Murloc Warleader","Rockpool Hunter","%41245%","true","true","637","23.70","67.18","151","428"
"4","59397","Patchwerk","1063","Murloc Warleader","Tidehunter, Tidehunter","%976%976%","false","true","2038","21.24","67.32","433","1372"
"4","59397","Patchwerk","1063","Murloc Warleader","Tidehunter, Tidehunter","%976%976%","true","true","179","21.78","63.12","39","113"
"4","59397","Patchwerk","1063","Murloc Warleader","Vulgar Homunculus","%43121%","false","true","1931","21.80","67.89","421","1311"
"4","59397","Patchwerk","1063","Murloc Warleader","Vulgar Homunculus","%43121%","true","true","286","17.83","60.83","51","174"
"4","59397","Patchwerk","1281","Scavenging Hyena","Alleycat","%40426%","false","true","1204","13.37","65.11","161","784"
"4","59397","Patchwerk","1281","Scavenging Hyena","Alleycat","%40426%","true","true","648","14.19","68.05","92","441"
"4","59397","Patchwerk","1281","Scavenging Hyena","Empty Board","","false","true","1846","13.65","66.14","252","1221"
"4","59397","Patchwerk","1281","Scavenging Hyena","Empty Board","","true","true","6","16.66","66.66","1","4"
"4","59397","Patchwerk","1281","Scavenging Hyena","Murloc Tidehunter","%976%","false","true","1318","12.89","64.41","170","849"
"4","59397","Patchwerk","1281","Scavenging Hyena","Murloc Tidehunter","%976%","true","true","534","15.54","70.41","83","376"
"4","59397","Patchwerk","1281","Scavenging Hyena","Nightmare Amalgam","%49502%","false","true","1608","12.50","65.23","201","1049"
"4","59397","Patchwerk","1281","Scavenging Hyena","Nightmare Amalgam","%49502%","true","true","244","21.31","72.13","52","176"
"4","59397","Patchwerk","1281","Scavenging Hyena","Rockpool Hunter","%41245%","false","true","1600","13.75","66.31","220","1061"
"4","59397","Patchwerk","1281","Scavenging Hyena","Rockpool Hunter","%41245%","true","true","252","13.09","65.07","33","164"
"4","59397","Patchwerk","1281","Scavenging Hyena","Tidehunter, Tidehunter","%976%976%","false","true","1791","13.40","66.05","240","1183"
"4","59397","Patchwerk","1281","Scavenging Hyena","Tidehunter, Tidehunter","%976%976%","true","true","61","21.31","68.85","13","42"
"4","59397","Patchwerk","1281","Scavenging Hyena","Vulgar Homunculus","%43121%","false","true","1582","13.78","67.13","218","1062"
"4","59397","Patchwerk","1281","Scavenging Hyena","Vulgar Homunculus","%43121%","true","true","270","12.96","60.37","35","163"
"4","59397","Patchwerk","1791","Maexxna","Alleycat","%40426%","false","true","1","100.00","100.00","1","1"
"4","59397","Patchwerk","1791","Maexxna","Alleycat","%40426%","true","true","1","0.00","100.00","0","1"
"4","59397","Patchwerk","1791","Maexxna","Empty Board","","false","true","2","50.00","100.00","1","2"
"4","59397","Patchwerk","1791","Maexxna","Murloc Tidehunter","%976%","false","true","1","0.00","100.00","0","1"
"4","59397","Patchwerk","1791","Maexxna","Murloc Tidehunter","%976%","true","true","1","100.00","100.00","1","1"
"4","59397","Patchwerk","1791","Maexxna","Nightmare Amalgam","%49502%","false","true","2","50.00","100.00","1","2"
"4","59397","Patchwerk","1791","Maexxna","Rockpool Hunter","%41245%","false","true","2","50.00","100.00","1","2"
"4","59397","Patchwerk","1791","Maexxna","Tidehunter, Tidehunter","%976%976%","false","true","2","50.00","100.00","1","2"
"4","59397","Patchwerk","1791","Maexxna","Vulgar Homunculus","%43121%","false","true","2","50.00","100.00","1","2"
"4","59397","Patchwerk","1986","Mal'Ganis","Alleycat","%40426%","false","true","1","0.00","0.00","0","0"
"4","59397","Patchwerk","1986","Mal'Ganis","Empty Board","","true","true","1","0.00","0.00","0","0"
"4","59397","Patchwerk","1986","Mal'Ganis","Murloc Tidehunter","%976%","false","true","1","0.00","0.00","0","0"
"4","59397","Patchwerk","1986","Mal'Ganis","Nightmare Amalgam","%49502%","false","true","1","0.00","0.00","0","0"
"4","59397","Patchwerk","1986","Mal'Ganis","Rockpool Hunter","%41245%","false","true","1","0.00","0.00","0","0"
"4","59397","Patchwerk","1986","Mal'Ganis","Tidehunter, Tidehunter","%976%976%","false","true","1","0.00","0.00","0","0"
"4","59397","Patchwerk","1986","Mal'Ganis","Vulgar Homunculus","%43121%","false","true","1","0.00","0.00","0","0"
"4","59397","Patchwerk","2016","Metaltooth Leaper","Alleycat","%40426%","false","true","1410","17.30","69.07","244","974"
"4","59397","Patchwerk","2016","Metaltooth Leaper","Alleycat","%40426%","true","true","430","18.37","72.09","79","310"
"4","59397","Patchwerk","2016","Metaltooth Leaper","Empty Board","","false","true","1824","17.54","69.73","320","1272"
"4","59397","Patchwerk","2016","Metaltooth Leaper","Empty Board","","true","true","16","18.75","75.00","3","12"
"4","59397","Patchwerk","2016","Metaltooth Leaper","Murloc Tidehunter","%976%","false","true","1335","16.25","68.98","217","921"
"4","59397","Patchwerk","2016","Metaltooth Leaper","Murloc Tidehunter","%976%","true","true","505","20.99","71.88","106","363"
"4","59397","Patchwerk","2016","Metaltooth Leaper","Nightmare Amalgam","%49502%","false","true","1437","15.03","67.08","216","964"
"4","59397","Patchwerk","2016","Metaltooth Leaper","Nightmare Amalgam","%49502%","true","true","403","26.55","79.40","107","320"
"4","59397","Patchwerk","2016","Metaltooth Leaper","Rockpool Hunter","%41245%","false","true","1600","17.31","70.12","277","1122"
"4","59397","Patchwerk","2016","Metaltooth Leaper","Rockpool Hunter","%41245%","true","true","240","19.16","67.50","46","162"
"4","59397","Patchwerk","2016","Metaltooth Leaper","Tidehunter, Tidehunter","%976%976%","false","true","1802","17.36","69.64","313","1255"
"4","59397","Patchwerk","2016","Metaltooth Leaper","Tidehunter, Tidehunter","%976%976%","true","true","38","26.31","76.31","10","29"
"4","59397","Patchwerk","2016","Metaltooth Leaper","Vulgar Homunculus","%43121%","false","true","1579","18.23","70.61","288","1115"
"4","59397","Patchwerk","2016","Metaltooth Leaper","Vulgar Homunculus","%43121%","true","true","261","13.40","64.75","35","169"
"4","59397","Patchwerk","2023","Screwjank Clunker","Alleycat","%40426%","false","true","27","18.51","59.25","5","16"
"4","59397","Patchwerk","2023","Screwjank Clunker","Alleycat","%40426%","true","true","9","0.00","44.44","0","4"
"4","59397","Patchwerk","2023","Screwjank Clunker","Empty Board","","false","true","19","10.52","52.63","2","10"
"4","59397","Patchwerk","2023","Screwjank Clunker","Empty Board","","true","true","17","17.64","58.82","3","10"
"4","59397","Patchwerk","2023","Screwjank Clunker","Murloc Tidehunter","%976%","false","true","26","11.53","53.84","3","14"
"4","59397","Patchwerk","2023","Screwjank Clunker","Murloc Tidehunter","%976%","true","true","10","20.00","60.00","2","6"
"4","59397","Patchwerk","2023","Screwjank Clunker","Nightmare Amalgam","%49502%","false","true","36","13.88","55.55","5","20"
"4","59397","Patchwerk","2023","Screwjank Clunker","Rockpool Hunter","%41245%","false","true","36","13.88","55.55","5","20"
"4","59397","Patchwerk","2023","Screwjank Clunker","Tidehunter, Tidehunter","%976%976%","false","true","36","13.88","55.55","5","20"
"4","59397","Patchwerk","2023","Screwjank Clunker","Vulgar Homunculus","%43121%","false","true","36","13.88","55.55","5","20"
"4","59397","Patchwerk","2026","Shielded Minibot","Alleycat","%40426%","false","true","1144","14.51","65.99","166","755"
"4","59397","Patchwerk","2026","Shielded Minibot","Alleycat","%40426%","true","true","397","15.61","66.75","62","265"
"4","59397","Patchwerk","2026","Shielded Minibot","Empty Board","","false","true","1526","14.87","66.38","227","1013"
"4","59397","Patchwerk","2026","Shielded Minibot","Empty Board","","true","true","15","6.66","46.66","1","7"
"4","59397","Patchwerk","2026","Shielded Minibot","Murloc Tidehunter","%976%","false","true","1057","14.19","66.69","150","705"
"4","59397","Patchwerk","2026","Shielded Minibot","Murloc Tidehunter","%976%","true","true","484","16.11","65.08","78","315"
"4","59397","Patchwerk","2026","Shielded Minibot","Nightmare Amalgam","%49502%","false","true","1365","14.21","64.61","194","882"
"4","59397","Patchwerk","2026","Shielded Minibot","Nightmare Amalgam","%49502%","true","true","176","19.31","78.40","34","138"
"4","59397","Patchwerk","2026","Shielded Minibot","Rockpool Hunter","%41245%","false","true","1299","14.24","67.89","185","882"
"4","59397","Patchwerk","2026","Shielded Minibot","Rockpool Hunter","%41245%","true","true","242","17.76","57.02","43","138"
"4","59397","Patchwerk","2026","Shielded Minibot","Tidehunter, Tidehunter","%976%976%","false","true","1476","14.49","66.19","214","977"
"4","59397","Patchwerk","2026","Shielded Minibot","Tidehunter, Tidehunter","%976%976%","true","true","65","21.53","66.15","14","43"
"4","59397","Patchwerk","2026","Shielded Minibot","Vulgar Homunculus","%43121%","false","true","1313","15.30","66.03","201","867"
"4","59397","Patchwerk","2026","Shielded Minibot","Vulgar Homunculus","%43121%","true","true","228","11.84","67.10","27","153"
"4","59397","Patchwerk","2030","Cobalt Guardian","Alleycat","%40426%","false","true","46","19.56","80.43","9","37"
"4","59397","Patchwerk","2030","Cobalt Guardian","Alleycat","%40426%","true","true","25","16.00","68.00","4","17"
"4","59397","Patchwerk","2030","Cobalt Guardian","Empty Board","","false","true","47","21.27","76.59","10","36"
"4","59397","Patchwerk","2030","Cobalt Guardian","Empty Board","","true","true","24","12.50","75.00","3","18"
"4","59397","Patchwerk","2030","Cobalt Guardian","Murloc Tidehunter","%976%","false","true","50","16.00","72.00","8","36"
"4","59397","Patchwerk","2030","Cobalt Guardian","Murloc Tidehunter","%976%","true","true","21","23.80","85.71","5","18"
"4","59397","Patchwerk","2030","Cobalt Guardian","Nightmare Amalgam","%49502%","false","true","71","18.30","76.05","13","54"
"4","59397","Patchwerk","2030","Cobalt Guardian","Rockpool Hunter","%41245%","false","true","71","18.30","76.05","13","54"
"4","59397","Patchwerk","2030","Cobalt Guardian","Tidehunter, Tidehunter","%976%976%","false","true","71","18.30","76.05","13","54"
"4","59397","Patchwerk","2030","Cobalt Guardian","Vulgar Homunculus","%43121%","false","true","71","18.30","76.05","13","54"
"4","59397","Patchwerk","2053","Annoy-o-Tron","Alleycat","%40426%","false","true","739","15.69","64.27","116","475"
"4","59397","Patchwerk","2053","Annoy-o-Tron","Alleycat","%40426%","true","true","231","14.28","65.36","33","151"
"4","59397","Patchwerk","2053","Annoy-o-Tron","Empty Board","","false","true","959","15.32","64.65","147","620"
"4","59397","Patchwerk","2053","Annoy-o-Tron","Empty Board","","true","true","11","18.18","54.54","2","6"
"4","59397","Patchwerk","2053","Annoy-o-Tron","Murloc Tidehunter","%976%","false","true","651","14.74","64.36","96","419"
"4","59397","Patchwerk","2053","Annoy-o-Tron","Murloc Tidehunter","%976%","true","true","319","16.61","64.89","53","207"
"4","59397","Patchwerk","2053","Annoy-o-Tron","Nightmare Amalgam","%49502%","false","true","870","14.48","63.44","126","552"
"4","59397","Patchwerk","2053","Annoy-o-Tron","Nightmare Amalgam","%49502%","true","true","100","23.00","74.00","23","74"
"4","59397","Patchwerk","2053","Annoy-o-Tron","Rockpool Hunter","%41245%","false","true","787","14.86","66.32","117","522"
"4","59397","Patchwerk","2053","Annoy-o-Tron","Rockpool Hunter","%41245%","true","true","183","17.48","56.83","32","104"
"4","59397","Patchwerk","2053","Annoy-o-Tron","Tidehunter, Tidehunter","%976%976%","false","true","921","15.20","65.25","140","601"
"4","59397","Patchwerk","2053","Annoy-o-Tron","Tidehunter, Tidehunter","%976%976%","true","true","49","18.36","51.02","9","25"
"4","59397","Patchwerk","2053","Annoy-o-Tron","Vulgar Homunculus","%43121%","false","true","876","16.32","64.26","143","563"
"4","59397","Patchwerk","2053","Annoy-o-Tron","Vulgar Homunculus","%43121%","true","true","94","6.38","67.02","6","63"
"4","59397","Patchwerk","2074","Junkbot","Alleycat","%40426%","false","true","2","50.00","50.00","1","1"
"4","59397","Patchwerk","2074","Junkbot","Empty Board","","false","true","1","100.00","100.00","1","1"
"4","59397","Patchwerk","2074","Junkbot","Empty Board","","true","true","1","0.00","0.00","0","0"
"4","59397","Patchwerk","2074","Junkbot","Murloc Tidehunter","%976%","false","true","2","50.00","50.00","1","1"
"4","59397","Patchwerk","2074","Junkbot","Nightmare Amalgam","%49502%","false","true","2","50.00","50.00","1","1"
"4","59397","Patchwerk","2074","Junkbot","Rockpool Hunter","%41245%","false","true","2","50.00","50.00","1","1"
"4","59397","Patchwerk","2074","Junkbot","Tidehunter, Tidehunter","%976%976%","false","true","2","50.00","50.00","1","1"
"4","59397","Patchwerk","2074","Junkbot","Vulgar Homunculus","%43121%","false","true","2","50.00","50.00","1","1"
"4","59397","Patchwerk","2288","Imp Gang Boss","Alleycat","%40426%","false","true","33","9.09","69.69","3","23"
"4","59397","Patchwerk","2288","Imp Gang Boss","Alleycat","%40426%","true","true","13","7.69","53.84","1","7"
"4","59397","Patchwerk","2288","Imp Gang Boss","Empty Board","","false","true","28","10.71","57.14","3","16"
"4","59397","Patchwerk","2288","Imp Gang Boss","Empty Board","","true","true","18","5.55","77.77","1","14"
"4","59397","Patchwerk","2288","Imp Gang Boss","Murloc Tidehunter","%976%","false","true","31","6.45","67.74","2","21"
"4","59397","Patchwerk","2288","Imp Gang Boss","Murloc Tidehunter","%976%","true","true","15","13.33","60.00","2","9"
"4","59397","Patchwerk","2288","Imp Gang Boss","Nightmare Amalgam","%49502%","false","true","46","8.69","65.21","4","30"
"4","59397","Patchwerk","2288","Imp Gang Boss","Rockpool Hunter","%41245%","false","true","46","8.69","65.21","4","30"
"4","59397","Patchwerk","2288","Imp Gang Boss","Tidehunter, Tidehunter","%976%976%","false","true","46","8.69","65.21","4","30"
"4","59397","Patchwerk","2288","Imp Gang Boss","Vulgar Homunculus","%43121%","false","true","46","8.69","65.21","4","30"
"4","59397","Patchwerk","2518","Crowd Favorite","Alleycat","%40426%","false","true","28","21.42","64.28","6","18"
"4","59397","Patchwerk","2518","Crowd Favorite","Alleycat","%40426%","true","true","8","25.00","37.50","2","3"
"4","59397","Patchwerk","2518","Crowd Favorite","Empty Board","","false","true","24","25.00","58.33","6","14"
"4","59397","Patchwerk","2518","Crowd Favorite","Empty Board","","true","true","12","16.66","58.33","2","7"
"4","59397","Patchwerk","2518","Crowd Favorite","Murloc Tidehunter","%976%","false","true","20","20.00","50.00","4","10"
"4","59397","Patchwerk","2518","Crowd Favorite","Murloc Tidehunter","%976%","true","true","16","25.00","68.75","4","11"
"4","59397","Patchwerk","2518","Crowd Favorite","Nightmare Amalgam","%49502%","false","true","36","22.22","58.33","8","21"
"4","59397","Patchwerk","2518","Crowd Favorite","Rockpool Hunter","%41245%","false","true","36","22.22","58.33","8","21"
"4","59397","Patchwerk","2518","Crowd Favorite","Tidehunter, Tidehunter","%976%976%","false","true","36","22.22","58.33","8","21"
"4","59397","Patchwerk","2518","Crowd Favorite","Vulgar Homunculus","%43121%","false","true","36","22.22","58.33","8","21"
"4","59397","Patchwerk","2949","Brann Bronzebeard","Alleycat","%40426%","false","true","1","100.00","100.00","1","1"
"4","59397","Patchwerk","2949","Brann Bronzebeard","Alleycat","%40426%","true","true","1","100.00","100.00","1","1"
"4","59397","Patchwerk","2949","Brann Bronzebeard","Empty Board","","false","true","2","100.00","100.00","2","2"
"4","59397","Patchwerk","2949","Brann Bronzebeard","Murloc Tidehunter","%976%","false","true","1","100.00","100.00","1","1"
"4","59397","Patchwerk","2949","Brann Bronzebeard","Murloc Tidehunter","%976%","true","true","1","100.00","100.00","1","1"
"4","59397","Patchwerk","2949","Brann Bronzebeard","Nightmare Amalgam","%49502%","false","true","2","100.00","100.00","2","2"
"4","59397","Patchwerk","2949","Brann Bronzebeard","Rockpool Hunter","%41245%","false","true","2","100.00","100.00","2","2"
"4","59397","Patchwerk","2949","Brann Bronzebeard","Tidehunter, Tidehunter","%976%976%","false","true","2","100.00","100.00","2","2"
"4","59397","Patchwerk","2949","Brann Bronzebeard","Vulgar Homunculus","%43121%","false","true","2","100.00","100.00","2","2"
"4","59397","Patchwerk","38526","Psych-o-Tron","Alleycat","%40426%","false","true","39","28.20","76.92","11","30"
"4","59397","Patchwerk","38526","Psych-o-Tron","Alleycat","%40426%","true","true","17","23.52","82.35","4","14"
"4","59397","Patchwerk","38526","Psych-o-Tron","Empty Board","","false","true","36","36.11","86.11","13","31"
"4","59397","Patchwerk","38526","Psych-o-Tron","Empty Board","","true","true","20","10.00","65.00","2","13"
"4","59397","Patchwerk","38526","Psych-o-Tron","Murloc Tidehunter","%976%","false","true","40","20.00","75.00","8","30"
"4","59397","Patchwerk","38526","Psych-o-Tron","Murloc Tidehunter","%976%","true","true","16","43.75","87.50","7","14"
"4","59397","Patchwerk","38526","Psych-o-Tron","Nightmare Amalgam","%49502%","false","true","56","26.78","78.57","15","44"
"4","59397","Patchwerk","38526","Psych-o-Tron","Rockpool Hunter","%41245%","false","true","56","26.78","78.57","15","44"
"4","59397","Patchwerk","38526","Psych-o-Tron","Tidehunter, Tidehunter","%976%976%","false","true","56","26.78","78.57","15","44"
"4","59397","Patchwerk","38526","Psych-o-Tron","Vulgar Homunculus","%43121%","false","true","56","26.78","78.57","15","44"
"4","59397","Patchwerk","38734","Infested Wolf","Alleycat","%40426%","false","true","32","12.50","65.62","4","21"
"4","59397","Patchwerk","38734","Infested Wolf","Alleycat","%40426%","true","true","8","25.00","50.00","2","4"
"4","59397","Patchwerk","38734","Infested Wolf","Empty Board","","false","true","24","12.50","58.33","3","14"
"4","59397","Patchwerk","38734","Infested Wolf","Empty Board","","true","true","16","18.75","68.75","3","11"
"4","59397","Patchwerk","38734","Infested Wolf","Murloc Tidehunter","%976%","false","true","25","20.00","64.00","5","16"
"4","59397","Patchwerk","38734","Infested Wolf","Murloc Tidehunter","%976%","true","true","15","6.66","60.00","1","9"
"4","59397","Patchwerk","38734","Infested Wolf","Nightmare Amalgam","%49502%","false","true","40","15.00","62.50","6","25"
"4","59397","Patchwerk","38734","Infested Wolf","Rockpool Hunter","%41245%","false","true","40","15.00","62.50","6","25"
"4","59397","Patchwerk","38734","Infested Wolf","Tidehunter, Tidehunter","%976%976%","false","true","40","15.00","62.50","6","25"
"4","59397","Patchwerk","38734","Infested Wolf","Vulgar Homunculus","%43121%","false","true","40","15.00","62.50","6","25"
"4","59397","Patchwerk","38740","Selfless Hero","Alleycat","%40426%","false","true","819","13.79","63.24","113","518"
"4","59397","Patchwerk","38740","Selfless Hero","Alleycat","%40426%","true","true","207","15.45","68.11","32","141"
"4","59397","Patchwerk","38740","Selfless Hero","Empty Board","","false","true","1019","14.03","64.37","143","656"
"4","59397","Patchwerk","38740","Selfless Hero","Empty Board","","true","true","7","28.57","42.85","2","3"
"4","59397","Patchwerk","38740","Selfless Hero","Murloc Tidehunter","%976%","false","true","706","14.30","63.73","101","450"
"4","59397","Patchwerk","38740","Selfless Hero","Murloc Tidehunter","%976%","true","true","320","13.75","65.31","44","209"
"4","59397","Patchwerk","38740","Selfless Hero","Nightmare Amalgam","%49502%","false","true","902","12.41","63.30","112","571"
"4","59397","Patchwerk","38740","Selfless Hero","Nightmare Amalgam","%49502%","true","true","124","26.61","70.96","33","88"
"4","59397","Patchwerk","38740","Selfless Hero","Rockpool Hunter","%41245%","false","true","852","14.08","64.31","120","548"
"4","59397","Patchwerk","38740","Selfless Hero","Rockpool Hunter","%41245%","true","true","174","14.36","63.79","25","111"
"4","59397","Patchwerk","38740","Selfless Hero","Tidehunter, Tidehunter","%976%976%","false","true","982","14.25","64.56","140","634"
"4","59397","Patchwerk","38740","Selfless Hero","Tidehunter, Tidehunter","%976%976%","true","true","44","11.36","56.81","5","25"
"4","59397","Patchwerk","38740","Selfless Hero","Vulgar Homunculus","%43121%","false","true","826","15.01","64.89","124","536"
"4","59397","Patchwerk","38740","Selfless Hero","Vulgar Homunculus","%43121%","true","true","200","10.50","61.50","21","123"
"4","59397","Patchwerk","38797","Spawn of N'Zoth","Alleycat","%40426%","false","true","1907","18.30","69.48","349","1325"
"4","59397","Patchwerk","38797","Spawn of N'Zoth","Alleycat","%40426%","true","true","681","17.62","73.86","120","503"
"4","59397","Patchwerk","38797","Spawn of N'Zoth","Empty Board","","false","true","2573","18.22","70.85","469","1823"
"4","59397","Patchwerk","38797","Spawn of N'Zoth","Empty Board","","true","true","15","0.00","33.33","0","5"
"4","59397","Patchwerk","38797","Spawn of N'Zoth","Murloc Tidehunter","%976%","false","true","1714","16.21","70.12","278","1202"
"4","59397","Patchwerk","38797","Spawn of N'Zoth","Murloc Tidehunter","%976%","true","true","874","21.85","71.62","191","626"
"4","59397","Patchwerk","38797","Spawn of N'Zoth","Nightmare Amalgam","%49502%","false","true","2266","17.12","69.41","388","1573"
"4","59397","Patchwerk","38797","Spawn of N'Zoth","Nightmare Amalgam","%49502%","true","true","322","25.15","79.19","81","255"
"4","59397","Patchwerk","38797","Spawn of N'Zoth","Rockpool Hunter","%41245%","false","true","2110","17.72","70.71","374","1492"
"4","59397","Patchwerk","38797","Spawn of N'Zoth","Rockpool Hunter","%41245%","true","true","478","19.87","70.29","95","336"
"4","59397","Patchwerk","38797","Spawn of N'Zoth","Tidehunter, Tidehunter","%976%976%","false","true","2435","17.53","70.30","427","1712"
"4","59397","Patchwerk","38797","Spawn of N'Zoth","Tidehunter, Tidehunter","%976%976%","true","true","153","27.45","75.81","42","116"
"4","59397","Patchwerk","38797","Spawn of N'Zoth","Vulgar Homunculus","%43121%","false","true","2131","18.39","71.09","392","1515"
"4","59397","Patchwerk","38797","Spawn of N'Zoth","Vulgar Homunculus","%43121%","true","true","457","16.84","68.49","77","313"
"4","59397","Patchwerk","38895","The Boogeymonster","Alleycat","%40426%","false","true","1","0.00","0.00","0","0"
"4","59397","Patchwerk","38895","The Boogeymonster","Empty Board","","false","true","1","0.00","0.00","0","0"
"4","59397","Patchwerk","38895","The Boogeymonster","Murloc Tidehunter","%976%","true","true","1","0.00","0.00","0","0"
"4","59397","Patchwerk","38895","The Boogeymonster","Nightmare Amalgam","%49502%","false","true","1","0.00","0.00","0","0"
"4","59397","Patchwerk","38895","The Boogeymonster","Rockpool Hunter","%41245%","false","true","1","0.00","0.00","0","0"
"4","59397","Patchwerk","38895","The Boogeymonster","Tidehunter, Tidehunter","%976%976%","false","true","1","0.00","0.00","0","0"
"4","59397","Patchwerk","38895","The Boogeymonster","Vulgar Homunculus","%43121%","false","true","1","0.00","0.00","0","0"
"4","59397","Patchwerk","39269","Menagerie Magician","Alleycat","%40426%","false","true","1","100.00","100.00","1","1"
"4","59397","Patchwerk","39269","Menagerie Magician","Empty Board","","false","true","1","100.00","100.00","1","1"
"4","59397","Patchwerk","39269","Menagerie Magician","Murloc Tidehunter","%976%","true","true","1","100.00","100.00","1","1"
"4","59397","Patchwerk","39269","Menagerie Magician","Nightmare Amalgam","%49502%","false","true","1","100.00","100.00","1","1"
"4","59397","Patchwerk","39269","Menagerie Magician","Rockpool Hunter","%41245%","false","true","1","100.00","100.00","1","1"
"4","59397","Patchwerk","39269","Menagerie Magician","Tidehunter, Tidehunter","%976%976%","false","true","1","100.00","100.00","1","1"
"4","59397","Patchwerk","39269","Menagerie Magician","Vulgar Homunculus","%43121%","false","true","1","100.00","100.00","1","1"
"4","59397","Patchwerk","39481","Kindly Grandmother","Alleycat","%40426%","false","true","806","13.39","64.76","108","522"
"4","59397","Patchwerk","39481","Kindly Grandmother","Alleycat","%40426%","true","true","346","15.31","65.02","53","225"
"4","59397","Patchwerk","39481","Kindly Grandmother","Empty Board","","false","true","1137","14.07","64.99","160","739"
"4","59397","Patchwerk","39481","Kindly Grandmother","Empty Board","","true","true","15","6.66","53.33","1","8"
"4","59397","Patchwerk","39481","Kindly Grandmother","Murloc Tidehunter","%976%","false","true","797","13.17","64.49","105","514"
"4","59397","Patchwerk","39481","Kindly Grandmother","Murloc Tidehunter","%976%","true","true","355","15.77","65.63","56","233"
"4","59397","Patchwerk","39481","Kindly Grandmother","Nightmare Amalgam","%49502%","false","true","1039","13.76","64.48","143","670"
"4","59397","Patchwerk","39481","Kindly Grandmother","Nightmare Amalgam","%49502%","true","true","113","15.92","68.14","18","77"
"4","59397","Patchwerk","39481","Kindly Grandmother","Rockpool Hunter","%41245%","false","true","985","13.09","65.07","129","641"
"4","59397","Patchwerk","39481","Kindly Grandmother","Rockpool Hunter","%41245%","true","true","167","19.16","63.47","32","106"
"4","59397","Patchwerk","39481","Kindly Grandmother","Tidehunter, Tidehunter","%976%976%","false","true","1109","14.06","65.46","156","726"
"4","59397","Patchwerk","39481","Kindly Grandmother","Tidehunter, Tidehunter","%976%976%","true","true","43","11.62","48.83","5","21"
"4","59397","Patchwerk","39481","Kindly Grandmother","Vulgar Homunculus","%43121%","false","true","1003","14.75","65.30","148","655"
"4","59397","Patchwerk","39481","Kindly Grandmother","Vulgar Homunculus","%43121%","true","true","149","8.72","61.74","13","92"
"4","59397","Patchwerk","39839","Zoobot","Alleycat","%40426%","false","true","1604","18.14","67.76","291","1087"
"4","59397","Patchwerk","39839","Zoobot","Alleycat","%40426%","true","true","655","17.25","65.64","113","430"
"4","59397","Patchwerk","39839","Zoobot","Empty Board","","false","true","2247","17.93","67.15","403","1509"
"4","59397","Patchwerk","39839","Zoobot","Empty Board","","true","true","12","8.33","66.66","1","8"
"4","59397","Patchwerk","39839","Zoobot","Murloc Tidehunter","%976%","false","true","1445","16.95","66.92","245","967"
"4","59397","Patchwerk","39839","Zoobot","Murloc Tidehunter","%976%","true","true","814","19.53","67.56","159","550"
"4","59397","Patchwerk","39839","Zoobot","Nightmare Amalgam","%49502%","false","true","1792","16.74","65.68","300","1177"
"4","59397","Patchwerk","39839","Zoobot","Nightmare Amalgam","%49502%","true","true","467","22.26","72.80","104","340"
"4","59397","Patchwerk","39839","Zoobot","Rockpool Hunter","%41245%","false","true","1776","17.34","67.39","308","1197"
"4","59397","Patchwerk","39839","Zoobot","Rockpool Hunter","%41245%","true","true","483","19.87","66.25","96","320"
"4","59397","Patchwerk","39839","Zoobot","Tidehunter, Tidehunter","%976%976%","false","true","2154","17.92","67.31","386","1450"
"4","59397","Patchwerk","39839","Zoobot","Tidehunter, Tidehunter","%976%976%","true","true","105","17.14","63.80","18","67"
"4","59397","Patchwerk","39839","Zoobot","Vulgar Homunculus","%43121%","false","true","1965","18.42","67.68","362","1330"
"4","59397","Patchwerk","39839","Zoobot","Vulgar Homunculus","%43121%","true","true","294","14.28","63.60","42","187"
"4","59397","Patchwerk","40391","Crystalweaver","Alleycat","%40426%","false","true","22","13.63","72.72","3","16"
"4","59397","Patchwerk","40391","Crystalweaver","Alleycat","%40426%","true","true","5","0.00","60.00","0","3"
"4","59397","Patchwerk","40391","Crystalweaver","Empty Board","","false","true","13","15.38","76.92","2","10"
"4","59397","Patchwerk","40391","Crystalweaver","Empty Board","","true","true","14","7.14","64.28","1","9"
"4","59397","Patchwerk","40391","Crystalweaver","Murloc Tidehunter","%976%","false","true","19","5.26","63.15","1","12"
"4","59397","Patchwerk","40391","Crystalweaver","Murloc Tidehunter","%976%","true","true","8","25.00","87.50","2","7"
"4","59397","Patchwerk","40391","Crystalweaver","Nightmare Amalgam","%49502%","false","true","27","11.11","70.37","3","19"
"4","59397","Patchwerk","40391","Crystalweaver","Rockpool Hunter","%41245%","false","true","27","11.11","70.37","3","19"
"4","59397","Patchwerk","40391","Crystalweaver","Tidehunter, Tidehunter","%976%976%","false","true","27","11.11","70.37","3","19"
"4","59397","Patchwerk","40391","Crystalweaver","Vulgar Homunculus","%43121%","false","true","27","11.11","70.37","3","19"
"4","59397","Patchwerk","40426","Alleycat","Alleycat","%40426%","false","true","1025","15.41","60.00","158","615"
"4","59397","Patchwerk","40426","Alleycat","Alleycat","%40426%","true","true","742","19.00","67.52","141","501"
"4","59397","Patchwerk","40426","Alleycat","Empty Board","","false","true","1759","16.77","63.16","295","1111"
"4","59397","Patchwerk","40426","Alleycat","Empty Board","","true","true","8","50.00","62.50","4","5"
"4","59397","Patchwerk","40426","Alleycat","Murloc Tidehunter","%976%","false","true","1205","16.01","63.73","193","768"
"4","59397","Patchwerk","40426","Alleycat","Murloc Tidehunter","%976%","true","true","562","18.86","61.92","106","348"
"4","59397","Patchwerk","40426","Alleycat","Nightmare Amalgam","%49502%","false","true","1592","15.70","61.87","250","985"
"4","59397","Patchwerk","40426","Alleycat","Nightmare Amalgam","%49502%","true","true","175","28.00","74.85","49","131"
"4","59397","Patchwerk","40426","Alleycat","Rockpool Hunter","%41245%","false","true","1481","16.61","63.40","246","939"
"4","59397","Patchwerk","40426","Alleycat","Rockpool Hunter","%41245%","true","true","286","18.53","61.88","53","177"
"4","59397","Patchwerk","40426","Alleycat","Tidehunter, Tidehunter","%976%976%","false","true","1672","16.86","63.63","282","1064"
"4","59397","Patchwerk","40426","Alleycat","Tidehunter, Tidehunter","%976%976%","true","true","95","17.89","54.73","17","52"
"4","59397","Patchwerk","40426","Alleycat","Vulgar Homunculus","%43121%","false","true","1499","17.41","63.90","261","958"
"4","59397","Patchwerk","40426","Alleycat","Vulgar Homunculus","%43121%","true","true","268","14.17","58.95","38","158"
"4","59397","Patchwerk","40428","Rat Pack","Alleycat","%40426%","false","true","1771","15.52","67.25","275","1191"
"4","59397","Patchwerk","40428","Rat Pack","Alleycat","%40426%","true","true","661","16.18","69.13","107","457"
"4","59397","Patchwerk","40428","Rat Pack","Empty Board","","false","true","2414","15.70","67.72","379","1635"
"4","59397","Patchwerk","40428","Rat Pack","Empty Board","","true","true","18","16.66","72.22","3","13"
"4","59397","Patchwerk","40428","Rat Pack","Murloc Tidehunter","%976%","false","true","1698","15.07","67.37","256","1144"
"4","59397","Patchwerk","40428","Rat Pack","Murloc Tidehunter","%976%","true","true","734","17.16","68.66","126","504"
"4","59397","Patchwerk","40428","Rat Pack","Nightmare Amalgam","%49502%","false","true","2102","14.98","66.60","315","1400"
"4","59397","Patchwerk","40428","Rat Pack","Nightmare Amalgam","%49502%","true","true","330","20.30","75.15","67","248"
"4","59397","Patchwerk","40428","Rat Pack","Rockpool Hunter","%41245%","false","true","2012","15.55","67.94","313","1367"
"4","59397","Patchwerk","40428","Rat Pack","Rockpool Hunter","%41245%","true","true","420","16.42","66.90","69","281"
"4","59397","Patchwerk","40428","Rat Pack","Tidehunter, Tidehunter","%976%976%","false","true","2337","15.31","67.86","358","1586"
"4","59397","Patchwerk","40428","Rat Pack","Tidehunter, Tidehunter","%976%976%","true","true","95","25.26","65.26","24","62"
"4","59397","Patchwerk","40428","Rat Pack","Vulgar Homunculus","%43121%","false","true","2018","16.25","67.88","328","1370"
"4","59397","Patchwerk","40428","Rat Pack","Vulgar Homunculus","%43121%","true","true","414","13.04","67.14","54","278"
"4","59397","Patchwerk","41180","Tortollan Shellraiser","Alleycat","%40426%","false","true","21","14.28","80.95","3","17"
"4","59397","Patchwerk","41180","Tortollan Shellraiser","Alleycat","%40426%","true","true","10","20.00","50.00","2","5"
"4","59397","Patchwerk","41180","Tortollan Shellraiser","Empty Board","","false","true","20","25.00","65.00","5","13"
"4","59397","Patchwerk","41180","Tortollan Shellraiser","Empty Board","","true","true","11","0.00","81.81","0","9"
"4","59397","Patchwerk","41180","Tortollan Shellraiser","Murloc Tidehunter","%976%","false","true","21","9.52","66.66","2","14"
"4","59397","Patchwerk","41180","Tortollan Shellraiser","Murloc Tidehunter","%976%","true","true","10","30.00","80.00","3","8"
"4","59397","Patchwerk","41180","Tortollan Shellraiser","Nightmare Amalgam","%49502%","false","true","31","16.12","70.96","5","22"
"4","59397","Patchwerk","41180","Tortollan Shellraiser","Rockpool Hunter","%41245%","false","true","31","16.12","70.96","5","22"
"4","59397","Patchwerk","41180","Tortollan Shellraiser","Tidehunter, Tidehunter","%976%976%","false","true","31","16.12","70.96","5","22"
"4","59397","Patchwerk","41180","Tortollan Shellraiser","Vulgar Homunculus","%43121%","false","true","31","16.12","70.96","5","22"
"4","59397","Patchwerk","41245","Rockpool Hunter","Alleycat","%40426%","false","true","1862","20.73","67.13","386","1250"
"4","59397","Patchwerk","41245","Rockpool Hunter","Alleycat","%40426%","true","true","503","20.27","66.40","102","334"
"4","59397","Patchwerk","41245","Rockpool Hunter","Empty Board","","false","true","2361","20.66","67.09","488","1584"
"4","59397","Patchwerk","41245","Rockpool Hunter","Empty Board","","true","true","4","0.00","0.00","0","0"
"4","59397","Patchwerk","41245","Rockpool Hunter","Murloc Tidehunter","%976%","false","true","1404","20.01","67.30","281","945"
"4","59397","Patchwerk","41245","Rockpool Hunter","Murloc Tidehunter","%976%","true","true","961","21.54","66.49","207","639"
"4","59397","Patchwerk","41245","Rockpool Hunter","Nightmare Amalgam","%49502%","false","true","1932","18.78","63.81","363","1233"
"4","59397","Patchwerk","41245","Rockpool Hunter","Nightmare Amalgam","%49502%","true","true","433","28.86","81.06","125","351"
"4","59397","Patchwerk","41245","Rockpool Hunter","Rockpool Hunter","%41245%","false","true","1526","20.31","66.64","310","1017"
"4","59397","Patchwerk","41245","Rockpool Hunter","Rockpool Hunter","%41245%","true","true","839","21.21","67.58","178","567"
"4","59397","Patchwerk","41245","Rockpool Hunter","Tidehunter, Tidehunter","%976%976%","false","true","2165","20.27","66.88","439","1448"
"4","59397","Patchwerk","41245","Rockpool Hunter","Tidehunter, Tidehunter","%976%976%","true","true","200","24.50","68.00","49","136"
"4","59397","Patchwerk","41245","Rockpool Hunter","Vulgar Homunculus","%43121%","false","true","2088","21.21","67.19","443","1403"
"4","59397","Patchwerk","41245","Rockpool Hunter","Vulgar Homunculus","%43121%","true","true","277","16.24","65.34","45","181"
"4","59397","Patchwerk","42467","Righteous Protector","Alleycat","%40426%","false","true","241","12.86","62.24","31","150"
"4","59397","Patchwerk","42467","Righteous Protector","Alleycat","%40426%","true","true","76","11.84","50.00","9","38"
"4","59397","Patchwerk","42467","Righteous Protector","Empty Board","","false","true","316","12.65","59.17","40","187"
"4","59397","Patchwerk","42467","Righteous Protector","Empty Board","","true","true","1","0.00","100.00","0","1"
"4","59397","Patchwerk","42467","Righteous Protector","Murloc Tidehunter","%976%","false","true","213","11.26","59.15","24","126"
"4","59397","Patchwerk","42467","Righteous Protector","Murloc Tidehunter","%976%","true","true","104","15.38","59.61","16","62"
"4","59397","Patchwerk","42467","Righteous Protector","Nightmare Amalgam","%49502%","false","true","284","11.26","57.74","32","164"
"4","59397","Patchwerk","42467","Righteous Protector","Nightmare Amalgam","%49502%","true","true","33","24.24","72.72","8","24"
"4","59397","Patchwerk","42467","Righteous Protector","Rockpool Hunter","%41245%","false","true","250","12.40","59.60","31","149"
"4","59397","Patchwerk","42467","Righteous Protector","Rockpool Hunter","%41245%","true","true","67","13.43","58.20","9","39"
"4","59397","Patchwerk","42467","Righteous Protector","Tidehunter, Tidehunter","%976%976%","false","true","308","12.01","59.41","37","183"
"4","59397","Patchwerk","42467","Righteous Protector","Tidehunter, Tidehunter","%976%976%","true","true","9","33.33","55.55","3","5"
"4","59397","Patchwerk","42467","Righteous Protector","Vulgar Homunculus","%43121%","false","true","285","14.03","57.89","40","165"
"4","59397","Patchwerk","42467","Righteous Protector","Vulgar Homunculus","%43121%","true","true","32","0.00","71.87","0","23"
"4","59397","Patchwerk","43022","Strongshell Scavenger","Alleycat","%40426%","true","true","1","0.00","100.00","0","1"
"4","59397","Patchwerk","43022","Strongshell Scavenger","Empty Board","","false","true","1","0.00","100.00","0","1"
"4","59397","Patchwerk","43022","Strongshell Scavenger","Murloc Tidehunter","%976%","false","true","1","0.00","100.00","0","1"
"4","59397","Patchwerk","43022","Strongshell Scavenger","Nightmare Amalgam","%49502%","false","true","1","0.00","100.00","0","1"
"4","59397","Patchwerk","43022","Strongshell Scavenger","Rockpool Hunter","%41245%","false","true","1","0.00","100.00","0","1"
"4","59397","Patchwerk","43022","Strongshell Scavenger","Tidehunter, Tidehunter","%976%976%","false","true","1","0.00","100.00","0","1"
"4","59397","Patchwerk","43022","Strongshell Scavenger","Vulgar Homunculus","%43121%","false","true","1","0.00","100.00","0","1"
"4","59397","Patchwerk","43121","Vulgar Homunculus","Alleycat","%40426%","false","true","1238","9.93","62.52","123","774"
"4","59397","Patchwerk","43121","Vulgar Homunculus","Alleycat","%40426%","true","true","267","14.60","62.17","39","166"
"4","59397","Patchwerk","43121","Vulgar Homunculus","Empty Board","","false","true","1497","10.75","62.45","161","935"
"4","59397","Patchwerk","43121","Vulgar Homunculus","Empty Board","","true","true","8","12.50","62.50","1","5"
"4","59397","Patchwerk","43121","Vulgar Homunculus","Murloc Tidehunter","%976%","false","true","1179","10.34","62.59","122","738"
"4","59397","Patchwerk","43121","Vulgar Homunculus","Murloc Tidehunter","%976%","true","true","326","12.26","61.96","40","202"
"4","59397","Patchwerk","43121","Vulgar Homunculus","Nightmare Amalgam","%49502%","false","true","1384","10.40","62.13","144","860"
"4","59397","Patchwerk","43121","Vulgar Homunculus","Nightmare Amalgam","%49502%","true","true","121","14.87","66.11","18","80"
"4","59397","Patchwerk","43121","Vulgar Homunculus","Rockpool Hunter","%41245%","false","true","1367","10.60","63.27","145","865"
"4","59397","Patchwerk","43121","Vulgar Homunculus","Rockpool Hunter","%41245%","true","true","138","12.31","54.34","17","75"
"4","59397","Patchwerk","43121","Vulgar Homunculus","Tidehunter, Tidehunter","%976%976%","false","true","1471","10.94","62.74","161","923"
"4","59397","Patchwerk","43121","Vulgar Homunculus","Tidehunter, Tidehunter","%976%976%","true","true","34","2.94","50.00","1","17"
"4","59397","Patchwerk","43121","Vulgar Homunculus","Vulgar Homunculus","%43121%","false","true","741","10.39","62.07","77","460"
"4","59397","Patchwerk","43121","Vulgar Homunculus","Vulgar Homunculus","%43121%","true","true","764","11.12","62.82","85","480"
"4","59397","Patchwerk","43358","Cave Hydra","Alleycat","%40426%","false","true","2","0.00","50.00","0","1"
"4","59397","Patchwerk","43358","Cave Hydra","Empty Board","","true","true","2","0.00","50.00","0","1"
"4","59397","Patchwerk","43358","Cave Hydra","Murloc Tidehunter","%976%","false","true","2","0.00","50.00","0","1"
"4","59397","Patchwerk","43358","Cave Hydra","Nightmare Amalgam","%49502%","false","true","2","0.00","50.00","0","1"
"4","59397","Patchwerk","43358","Cave Hydra","Rockpool Hunter","%41245%","false","true","2","0.00","50.00","0","1"
"4","59397","Patchwerk","43358","Cave Hydra","Tidehunter, Tidehunter","%976%976%","false","true","2","0.00","50.00","0","1"
"4","59397","Patchwerk","43358","Cave Hydra","Vulgar Homunculus","%43121%","false","true","2","0.00","50.00","0","1"
"4","59397","Patchwerk","46056","Voidlord","Alleycat","%40426%","false","true","2","0.00","50.00","0","1"
"4","59397","Patchwerk","46056","Voidlord","Empty Board","","false","true","1","0.00","100.00","0","1"
"4","59397","Patchwerk","46056","Voidlord","Empty Board","","true","true","1","0.00","0.00","0","0"
"4","59397","Patchwerk","46056","Voidlord","Murloc Tidehunter","%976%","false","true","1","0.00","0.00","0","0"
"4","59397","Patchwerk","46056","Voidlord","Murloc Tidehunter","%976%","true","true","1","0.00","100.00","0","1"
"4","59397","Patchwerk","46056","Voidlord","Nightmare Amalgam","%49502%","false","true","2","0.00","50.00","0","1"
"4","59397","Patchwerk","46056","Voidlord","Rockpool Hunter","%41245%","false","true","2","0.00","50.00","0","1"
"4","59397","Patchwerk","46056","Voidlord","Tidehunter, Tidehunter","%976%976%","false","true","2","0.00","50.00","0","1"
"4","59397","Patchwerk","46056","Voidlord","Vulgar Homunculus","%43121%","false","true","2","0.00","50.00","0","1"
"4","59397","Patchwerk","48100","Security Rover","Alleycat","%40426%","false","true","2","0.00","50.00","0","1"
"4","59397","Patchwerk","48100","Security Rover","Empty Board","","false","true","1","0.00","100.00","0","1"
"4","59397","Patchwerk","48100","Security Rover","Empty Board","","true","true","1","0.00","0.00","0","0"
"4","59397","Patchwerk","48100","Security Rover","Murloc Tidehunter","%976%","false","true","1","0.00","0.00","0","0"
"4","59397","Patchwerk","48100","Security Rover","Murloc Tidehunter","%976%","true","true","1","0.00","100.00","0","1"
"4","59397","Patchwerk","48100","Security Rover","Nightmare Amalgam","%49502%","false","true","2","0.00","50.00","0","1"
"4","59397","Patchwerk","48100","Security Rover","Rockpool Hunter","%41245%","false","true","2","0.00","50.00","0","1"
"4","59397","Patchwerk","48100","Security Rover","Tidehunter, Tidehunter","%976%976%","false","true","2","0.00","50.00","0","1"
"4","59397","Patchwerk","48100","Security Rover","Vulgar Homunculus","%43121%","false","true","2","0.00","50.00","0","1"
"4","59397","Patchwerk","48536","Replicating Menace","Alleycat","%40426%","false","true","28","25.00","67.85","7","19"
"4","59397","Patchwerk","48536","Replicating Menace","Alleycat","%40426%","true","true","10","10.00","70.00","1","7"
"4","59397","Patchwerk","48536","Replicating Menace","Empty Board","","false","true","25","20.00","72.00","5","18"
"4","59397","Patchwerk","48536","Replicating Menace","Empty Board","","true","true","13","23.07","61.53","3","8"
"4","59397","Patchwerk","48536","Replicating Menace","Murloc Tidehunter","%976%","false","true","23","17.39","65.21","4","15"
"4","59397","Patchwerk","48536","Replicating Menace","Murloc Tidehunter","%976%","true","true","15","26.66","73.33","4","11"
"4","59397","Patchwerk","48536","Replicating Menace","Nightmare Amalgam","%49502%","false","true","38","21.05","68.42","8","26"
"4","59397","Patchwerk","48536","Replicating Menace","Rockpool Hunter","%41245%","false","true","38","21.05","68.42","8","26"
"4","59397","Patchwerk","48536","Replicating Menace","Tidehunter, Tidehunter","%976%976%","false","true","38","21.05","68.42","8","26"
"4","59397","Patchwerk","48536","Replicating Menace","Vulgar Homunculus","%43121%","false","true","38","21.05","68.42","8","26"
"4","59397","Patchwerk","48886","Mecharoo","Alleycat","%40426%","false","true","281","14.94","57.29","42","161"
"4","59397","Patchwerk","48886","Mecharoo","Alleycat","%40426%","true","true","76","13.15","59.21","10","45"
"4","59397","Patchwerk","48886","Mecharoo","Empty Board","","false","true","352","14.48","57.10","51","201"
"4","59397","Patchwerk","48886","Mecharoo","Empty Board","","true","true","5","20.00","100.00","1","5"
"4","59397","Patchwerk","48886","Mecharoo","Murloc Tidehunter","%976%","false","true","287","12.89","56.09","37","161"
"4","59397","Patchwerk","48886","Mecharoo","Murloc Tidehunter","%976%","true","true","70","21.42","64.28","15","45"
"4","59397","Patchwerk","48886","Mecharoo","Nightmare Amalgam","%49502%","false","true","321","13.70","58.56","44","188"
"4","59397","Patchwerk","48886","Mecharoo","Nightmare Amalgam","%49502%","true","true","36","22.22","50.00","8","18"
"4","59397","Patchwerk","48886","Mecharoo","Rockpool Hunter","%41245%","false","true","309","13.26","57.60","41","178"
"4","59397","Patchwerk","48886","Mecharoo","Rockpool Hunter","%41245%","true","true","48","22.91","58.33","11","28"
"4","59397","Patchwerk","48886","Mecharoo","Tidehunter, Tidehunter","%976%976%","false","true","349","14.89","57.59","52","201"
"4","59397","Patchwerk","48886","Mecharoo","Tidehunter, Tidehunter","%976%976%","true","true","8","0.00","62.50","0","5"
"4","59397","Patchwerk","48886","Mecharoo","Vulgar Homunculus","%43121%","false","true","319","15.04","58.30","48","186"
"4","59397","Patchwerk","48886","Mecharoo","Vulgar Homunculus","%43121%","true","true","38","10.52","52.63","4","20"
"4","59397","Patchwerk","49169","Mechano-Egg","Alleycat","%40426%","false","true","1","100.00","100.00","1","1"
"4","59397","Patchwerk","49169","Mechano-Egg","Empty Board","","false","true","1","100.00","100.00","1","1"
"4","59397","Patchwerk","49169","Mechano-Egg","Murloc Tidehunter","%976%","true","true","1","100.00","100.00","1","1"
"4","59397","Patchwerk","49169","Mechano-Egg","Nightmare Amalgam","%49502%","false","true","1","100.00","100.00","1","1"
"4","59397","Patchwerk","49169","Mechano-Egg","Rockpool Hunter","%41245%","false","true","1","100.00","100.00","1","1"
"4","59397","Patchwerk","49169","Mechano-Egg","Tidehunter, Tidehunter","%976%976%","false","true","1","100.00","100.00","1","1"
"4","59397","Patchwerk","49169","Mechano-Egg","Vulgar Homunculus","%43121%","false","true","1","100.00","100.00","1","1"
"4","59397","Patchwerk","49279","Kaboom Bot","Alleycat","%40426%","false","true","1664","17.36","67.06","289","1116"
"4","59397","Patchwerk","49279","Kaboom Bot","Alleycat","%40426%","true","true","581","17.55","70.22","102","408"
"4","59397","Patchwerk","49279","Kaboom Bot","Empty Board","","false","true","2225","17.52","67.95","390","1512"
"4","59397","Patchwerk","49279","Kaboom Bot","Empty Board","","true","true","20","5.00","60.00","1","12"
"4","59397","Patchwerk","49279","Kaboom Bot","Murloc Tidehunter","%976%","false","true","1520","15.06","66.25","229","1007"
"4","59397","Patchwerk","49279","Kaboom Bot","Murloc Tidehunter","%976%","true","true","725","22.34","71.31","162","517"
"4","59397","Patchwerk","49279","Kaboom Bot","Nightmare Amalgam","%49502%","false","true","1965","16.74","66.05","329","1298"
"4","59397","Patchwerk","49279","Kaboom Bot","Nightmare Amalgam","%49502%","true","true","280","22.14","80.71","62","226"
"4","59397","Patchwerk","49279","Kaboom Bot","Rockpool Hunter","%41245%","false","true","1837","17.47","68.10","321","1251"
"4","59397","Patchwerk","49279","Kaboom Bot","Rockpool Hunter","%41245%","true","true","408","17.15","66.91","70","273"
"4","59397","Patchwerk","49279","Kaboom Bot","Tidehunter, Tidehunter","%976%976%","false","true","2128","17.01","67.95","362","1446"
"4","59397","Patchwerk","49279","Kaboom Bot","Tidehunter, Tidehunter","%976%976%","true","true","117","24.78","66.66","29","78"
"4","59397","Patchwerk","49279","Kaboom Bot","Vulgar Homunculus","%43121%","false","true","1863","18.41","68.97","343","1285"
"4","59397","Patchwerk","49279","Kaboom Bot","Vulgar Homunculus","%43121%","true","true","382","12.56","62.56","48","239"
"4","59397","Patchwerk","49502","Nightmare Amalgam","Alleycat","%40426%","false","true","3131","21.59","72.78","676","2279"
"4","59397","Patchwerk","49502","Nightmare Amalgam","Alleycat","%40426%","true","true","988","23.78","75.30","235","744"
"4","59397","Patchwerk","49502","Nightmare Amalgam","Empty Board","","false","true","4083","22.01","73.40","899","2997"
"4","59397","Patchwerk","49502","Nightmare Amalgam","Empty Board","","true","true","36","33.33","72.22","12","26"
"4","59397","Patchwerk","49502","Nightmare Amalgam","Murloc Tidehunter","%976%","false","true","2884","20.76","72.81","599","2100"
"4","59397","Patchwerk","49502","Nightmare Amalgam","Murloc Tidehunter","%976%","true","true","1235","25.26","74.73","312","923"
"4","59397","Patchwerk","49502","Nightmare Amalgam","Nightmare Amalgam","%49502%","false","true","3617","21.70","72.93","785","2638"
"4","59397","Patchwerk","49502","Nightmare Amalgam","Nightmare Amalgam","%49502%","true","true","502","25.09","76.69","126","385"
"4","59397","Patchwerk","49502","Nightmare Amalgam","Rockpool Hunter","%41245%","false","true","3336","21.37","73.74","713","2460"
"4","59397","Patchwerk","49502","Nightmare Amalgam","Rockpool Hunter","%41245%","true","true","783","25.28","71.90","198","563"
"4","59397","Patchwerk","49502","Nightmare Amalgam","Tidehunter, Tidehunter","%976%976%","false","true","3929","21.68","73.19","852","2876"
"4","59397","Patchwerk","49502","Nightmare Amalgam","Tidehunter, Tidehunter","%976%976%","true","true","190","31.05","77.36","59","147"
"4","59397","Patchwerk","49502","Nightmare Amalgam","Vulgar Homunculus","%43121%","false","true","3331","23.47","74.45","782","2480"
"4","59397","Patchwerk","49502","Nightmare Amalgam","Vulgar Homunculus","%43121%","true","true","788","16.37","68.90","129","543"
"4","59397","Patchwerk","52277","Toxfin","Alleycat","%40426%","true","true","1","100.00","100.00","1","1"
"4","59397","Patchwerk","52277","Toxfin","Empty Board","","false","true","1","100.00","100.00","1","1"
"4","59397","Patchwerk","52277","Toxfin","Murloc Tidehunter","%976%","false","true","1","100.00","100.00","1","1"
"4","59397","Patchwerk","52277","Toxfin","Nightmare Amalgam","%49502%","false","true","1","100.00","100.00","1","1"
"4","59397","Patchwerk","52277","Toxfin","Rockpool Hunter","%41245%","false","true","1","100.00","100.00","1","1"
"4","59397","Patchwerk","52277","Toxfin","Tidehunter, Tidehunter","%976%976%","false","true","1","100.00","100.00","1","1"
"4","59397","Patchwerk","52277","Toxfin","Vulgar Homunculus","%43121%","false","true","1","100.00","100.00","1","1"
"4","59397","Patchwerk","52502","Khadgar","Alleycat","%40426%","false","true","24","12.50","75.00","3","18"
"4","59397","Patchwerk","52502","Khadgar","Alleycat","%40426%","true","true","8","0.00","37.50","0","3"
"4","59397","Patchwerk","52502","Khadgar","Empty Board","","false","true","16","12.50","62.50","2","10"
"4","59397","Patchwerk","52502","Khadgar","Empty Board","","true","true","16","6.25","68.75","1","11"
"4","59397","Patchwerk","52502","Khadgar","Murloc Tidehunter","%976%","false","true","26","3.84","61.53","1","16"
"4","59397","Patchwerk","52502","Khadgar","Murloc Tidehunter","%976%","true","true","6","33.33","83.33","2","5"
"4","59397","Patchwerk","52502","Khadgar","Nightmare Amalgam","%49502%","false","true","32","9.37","65.62","3","21"
"4","59397","Patchwerk","52502","Khadgar","Rockpool Hunter","%41245%","false","true","32","9.37","65.62","3","21"
"4","59397","Patchwerk","52502","Khadgar","Tidehunter, Tidehunter","%976%976%","false","true","32","9.37","65.62","3","21"
"4","59397","Patchwerk","52502","Khadgar","Vulgar Homunculus","%43121%","false","true","32","9.37","65.62","3","21"
"4","59397","Patchwerk","54153","Phalanx Commander","Alleycat","%40426%","false","true","27","7.40","88.88","2","24"
"4","59397","Patchwerk","54153","Phalanx Commander","Alleycat","%40426%","true","true","10","0.00","50.00","0","5"
"4","59397","Patchwerk","54153","Phalanx Commander","Empty Board","","false","true","17","11.76","70.58","2","12"
"4","59397","Patchwerk","54153","Phalanx Commander","Empty Board","","true","true","20","0.00","85.00","0","17"
"4","59397","Patchwerk","54153","Phalanx Commander","Murloc Tidehunter","%976%","false","true","31","3.22","74.19","1","23"
"4","59397","Patchwerk","54153","Phalanx Commander","Murloc Tidehunter","%976%","true","true","6","16.66","100.00","1","6"
"4","59397","Patchwerk","54153","Phalanx Commander","Nightmare Amalgam","%49502%","false","true","37","5.40","78.37","2","29"
"4","59397","Patchwerk","54153","Phalanx Commander","Rockpool Hunter","%41245%","false","true","37","5.40","78.37","2","29"
"4","59397","Patchwerk","54153","Phalanx Commander","Tidehunter, Tidehunter","%976%976%","false","true","37","5.40","78.37","2","29"
"4","59397","Patchwerk","54153","Phalanx Commander","Vulgar Homunculus","%43121%","false","true","37","5.40","78.37","2","29"
"4","59397","Patchwerk","54835","Siegebreaker","Alleycat","%40426%","false","true","1","0.00","100.00","0","1"
"4","59397","Patchwerk","54835","Siegebreaker","Empty Board","","false","true","1","0.00","100.00","0","1"
"4","59397","Patchwerk","54835","Siegebreaker","Murloc Tidehunter","%976%","true","true","1","0.00","100.00","0","1"
"4","59397","Patchwerk","54835","Siegebreaker","Nightmare Amalgam","%49502%","false","true","1","0.00","100.00","0","1"
"4","59397","Patchwerk","54835","Siegebreaker","Rockpool Hunter","%41245%","false","true","1","0.00","100.00","0","1"
"4","59397","Patchwerk","54835","Siegebreaker","Tidehunter, Tidehunter","%976%976%","false","true","1","0.00","100.00","0","1"
"4","59397","Patchwerk","54835","Siegebreaker","Vulgar Homunculus","%43121%","false","true","1","0.00","100.00","0","1"
"4","59397","Patchwerk","59186","Nathrezim Overseer","Alleycat","%40426%","false","true","1597","17.34","69.50","277","1110"
"4","59397","Patchwerk","59186","Nathrezim Overseer","Alleycat","%40426%","true","true","372","20.16","70.16","75","261"
"4","59397","Patchwerk","59186","Nathrezim Overseer","Empty Board","","false","true","1959","17.86","69.62","350","1364"
"4","59397","Patchwerk","59186","Nathrezim Overseer","Empty Board","","true","true","10","20.00","70.00","2","7"
"4","59397","Patchwerk","59186","Nathrezim Overseer","Murloc Tidehunter","%976%","false","true","1529","18.11","69.78","277","1067"
"4","59397","Patchwerk","59186","Nathrezim Overseer","Murloc Tidehunter","%976%","true","true","440","17.04","69.09","75","304"
"4","59397","Patchwerk","59186","Nathrezim Overseer","Nightmare Amalgam","%49502%","false","true","1473","15.61","66.19","230","975"
"4","59397","Patchwerk","59186","Nathrezim Overseer","Nightmare Amalgam","%49502%","true","true","496","24.59","79.83","122","396"
"4","59397","Patchwerk","59186","Nathrezim Overseer","Rockpool Hunter","%41245%","false","true","1754","17.90","70.18","314","1231"
"4","59397","Patchwerk","59186","Nathrezim Overseer","Rockpool Hunter","%41245%","true","true","215","17.67","65.11","38","140"
"4","59397","Patchwerk","59186","Nathrezim Overseer","Tidehunter, Tidehunter","%976%976%","false","true","1926","17.70","69.47","341","1338"
"4","59397","Patchwerk","59186","Nathrezim Overseer","Tidehunter, Tidehunter","%976%976%","true","true","43","25.58","76.74","11","33"
"4","59397","Patchwerk","59186","Nathrezim Overseer","Vulgar Homunculus","%43121%","false","true","1207","18.55","70.25","224","848"
"4","59397","Patchwerk","59186","Nathrezim Overseer","Vulgar Homunculus","%43121%","true","true","762","16.79","68.63","128","523"
"4","59397","Patchwerk","59660","Soul Juggler","Alleycat","%40426%","false","true","24","8.33","79.16","2","19"
"4","59397","Patchwerk","59660","Soul Juggler","Alleycat","%40426%","true","true","3","33.33","100.00","1","3"
"4","59397","Patchwerk","59660","Soul Juggler","Empty Board","","false","true","12","8.33","91.66","1","11"
"4","59397","Patchwerk","59660","Soul Juggler","Empty Board","","true","true","15","13.33","73.33","2","11"
"4","59397","Patchwerk","59660","Soul Juggler","Murloc Tidehunter","%976%","false","true","18","16.66","77.77","3","14"
"4","59397","Patchwerk","59660","Soul Juggler","Murloc Tidehunter","%976%","true","true","9","0.00","88.88","0","8"
"4","59397","Patchwerk","59660","Soul Juggler","Nightmare Amalgam","%49502%","false","true","27","11.11","81.48","3","22"
"4","59397","Patchwerk","59660","Soul Juggler","Rockpool Hunter","%41245%","false","true","27","11.11","81.48","3","22"
"4","59397","Patchwerk","59660","Soul Juggler","Tidehunter, Tidehunter","%976%976%","false","true","27","11.11","81.48","3","22"
"4","59397","Patchwerk","59660","Soul Juggler","Vulgar Homunculus","%43121%","false","true","27","11.11","81.48","3","22"
"4","59397","Patchwerk","59670","Wrath Weaver","Alleycat","%40426%","false","true","660","13.33","66.36","88","438"
"4","59397","Patchwerk","59670","Wrath Weaver","Alleycat","%40426%","true","true","94","11.70","72.34","11","68"
"4","59397","Patchwerk","59670","Wrath Weaver","Empty Board","","false","true","751","13.18","66.97","99","503"
"4","59397","Patchwerk","59670","Wrath Weaver","Empty Board","","true","true","3","0.00","100.00","0","3"
"4","59397","Patchwerk","59670","Wrath Weaver","Murloc Tidehunter","%976%","false","true","613","13.53","65.90","83","404"
"4","59397","Patchwerk","59670","Wrath Weaver","Murloc Tidehunter","%976%","true","true","141","11.34","72.34","16","102"
"4","59397","Patchwerk","59670","Wrath Weaver","Nightmare Amalgam","%49502%","false","true","707","13.01","66.47","92","470"
"4","59397","Patchwerk","59670","Wrath Weaver","Nightmare Amalgam","%49502%","true","true","47","14.89","76.59","7","36"
"4","59397","Patchwerk","59670","Wrath Weaver","Rockpool Hunter","%41245%","false","true","704","13.06","66.05","92","465"
"4","59397","Patchwerk","59670","Wrath Weaver","Rockpool Hunter","%41245%","true","true","50","14.00","82.00","7","41"
"4","59397","Patchwerk","59670","Wrath Weaver","Tidehunter, Tidehunter","%976%976%","false","true","737","13.02","67.29","96","496"
"4","59397","Patchwerk","59670","Wrath Weaver","Tidehunter, Tidehunter","%976%976%","true","true","17","17.64","58.82","3","10"
"4","59397","Patchwerk","59670","Wrath Weaver","Vulgar Homunculus","%43121%","false","true","412","13.34","67.47","55","278"
"4","59397","Patchwerk","59670","Wrath Weaver","Vulgar Homunculus","%43121%","true","true","342","12.86","66.66","44","228"
"4","59397","Patchwerk","59682","Sneed's Old Shredder","Alleycat","%40426%","false","true","2","0.00","100.00","0","2"
"4","59397","Patchwerk","59682","Sneed's Old Shredder","Empty Board","","false","true","1","0.00","100.00","0","1"
"4","59397","Patchwerk","59682","Sneed's Old Shredder","Empty Board","","true","true","1","0.00","100.00","0","1"
"4","59397","Patchwerk","59682","Sneed's Old Shredder","Murloc Tidehunter","%976%","false","true","1","0.00","100.00","0","1"
"4","59397","Patchwerk","59682","Sneed's Old Shredder","Murloc Tidehunter","%976%","true","true","1","0.00","100.00","0","1"
"4","59397","Patchwerk","59682","Sneed's Old Shredder","Nightmare Amalgam","%49502%","false","true","2","0.00","100.00","0","2"
"4","59397","Patchwerk","59682","Sneed's Old Shredder","Rockpool Hunter","%41245%","false","true","2","0.00","100.00","0","2"
"4","59397","Patchwerk","59682","Sneed's Old Shredder","Tidehunter, Tidehunter","%976%976%","false","true","2","0.00","100.00","0","2"
"4","59397","Patchwerk","59682","Sneed's Old Shredder","Vulgar Homunculus","%43121%","false","true","2","0.00","100.00","0","2"
"4","59397","Patchwerk","59687","Ghastcoiler","Alleycat","%40426%","false","true","3","33.33","33.33","1","1"
"4","59397","Patchwerk","59687","Ghastcoiler","Empty Board","","false","true","1","100.00","100.00","1","1"
"4","59397","Patchwerk","59687","Ghastcoiler","Empty Board","","true","true","2","0.00","0.00","0","0"
"4","59397","Patchwerk","59687","Ghastcoiler","Murloc Tidehunter","%976%","false","true","3","33.33","33.33","1","1"
"4","59397","Patchwerk","59687","Ghastcoiler","Nightmare Amalgam","%49502%","false","true","3","33.33","33.33","1","1"
"4","59397","Patchwerk","59687","Ghastcoiler","Rockpool Hunter","%41245%","false","true","3","33.33","33.33","1","1"
"4","59397","Patchwerk","59687","Ghastcoiler","Tidehunter, Tidehunter","%976%976%","false","true","3","33.33","33.33","1","1"
"4","59397","Patchwerk","59687","Ghastcoiler","Vulgar Homunculus","%43121%","false","true","3","33.33","33.33","1","1"
"4","59397","Patchwerk","59707","Lightfang Enforcer","Alleycat","%40426%","false","true","1","100.00","100.00","1","1"
"4","59397","Patchwerk","59707","Lightfang Enforcer","Empty Board","","true","true","1","100.00","100.00","1","1"
"4","59397","Patchwerk","59707","Lightfang Enforcer","Murloc Tidehunter","%976%","false","true","1","100.00","100.00","1","1"
"4","59397","Patchwerk","59707","Lightfang Enforcer","Nightmare Amalgam","%49502%","false","true","1","100.00","100.00","1","1"
"4","59397","Patchwerk","59707","Lightfang Enforcer","Rockpool Hunter","%41245%","false","true","1","100.00","100.00","1","1"
"4","59397","Patchwerk","59707","Lightfang Enforcer","Tidehunter, Tidehunter","%976%976%","false","true","1","100.00","100.00","1","1"
"4","59397","Patchwerk","59707","Lightfang Enforcer","Vulgar Homunculus","%43121%","false","true","1","100.00","100.00","1","1"
"4","59397","Patchwerk","59935","Kangor's Apprentice","Alleycat","%40426%","false","true","1","100.00","100.00","1","1"
"4","59397","Patchwerk","59935","Kangor's Apprentice","Empty Board","","true","true","1","100.00","100.00","1","1"
"4","59397","Patchwerk","59935","Kangor's Apprentice","Murloc Tidehunter","%976%","false","true","1","100.00","100.00","1","1"
"4","59397","Patchwerk","59935","Kangor's Apprentice","Nightmare Amalgam","%49502%","false","true","1","100.00","100.00","1","1"
"4","59397","Patchwerk","59935","Kangor's Apprentice","Rockpool Hunter","%41245%","false","true","1","100.00","100.00","1","1"
"4","59397","Patchwerk","59935","Kangor's Apprentice","Tidehunter, Tidehunter","%976%976%","false","true","1","100.00","100.00","1","1"
"4","59397","Patchwerk","59935","Kangor's Apprentice","Vulgar Homunculus","%43121%","false","true","1","100.00","100.00","1","1"
"4","59397","Patchwerk","59940","Pack Leader","Alleycat","%40426%","false","true","29","20.68","65.51","6","19"
"4","59397","Patchwerk","59940","Pack Leader","Alleycat","%40426%","true","true","17","23.52","64.70","4","11"
"4","59397","Patchwerk","59940","Pack Leader","Empty Board","","false","true","27","18.51","70.37","5","19"
"4","59397","Patchwerk","59940","Pack Leader","Empty Board","","true","true","19","26.31","57.89","5","11"
"4","59397","Patchwerk","59940","Pack Leader","Murloc Tidehunter","%976%","false","true","37","27.02","62.16","10","23"
"4","59397","Patchwerk","59940","Pack Leader","Murloc Tidehunter","%976%","true","true","9","0.00","77.77","0","7"
"4","59397","Patchwerk","59940","Pack Leader","Nightmare Amalgam","%49502%","false","true","46","21.73","65.21","10","30"
"4","59397","Patchwerk","59940","Pack Leader","Rockpool Hunter","%41245%","false","true","46","21.73","65.21","10","30"
"4","59397","Patchwerk","59940","Pack Leader","Tidehunter, Tidehunter","%976%976%","false","true","46","21.73","65.21","10","30"
"4","59397","Patchwerk","59940","Pack Leader","Vulgar Homunculus","%43121%","false","true","46","21.73","65.21","10","30"
"4","59397","Patchwerk","60048","Piloted Shredder","Alleycat","%40426%","false","true","42","19.04","64.28","8","27"
"4","59397","Patchwerk","60048","Piloted Shredder","Alleycat","%40426%","true","true","14","7.14","64.28","1","9"
"4","59397","Patchwerk","60048","Piloted Shredder","Empty Board","","false","true","39","15.38","66.66","6","26"
"4","59397","Patchwerk","60048","Piloted Shredder","Empty Board","","true","true","17","17.64","58.82","3","10"
"4","59397","Patchwerk","60048","Piloted Shredder","Murloc Tidehunter","%976%","false","true","33","12.12","60.60","4","20"
"4","59397","Patchwerk","60048","Piloted Shredder","Murloc Tidehunter","%976%","true","true","23","21.73","69.56","5","16"
"4","59397","Patchwerk","60048","Piloted Shredder","Nightmare Amalgam","%49502%","false","true","56","16.07","64.28","9","36"
"4","59397","Patchwerk","60048","Piloted Shredder","Rockpool Hunter","%41245%","false","true","56","16.07","64.28","9","36"
"4","59397","Patchwerk","60048","Piloted Shredder","Tidehunter, Tidehunter","%976%976%","false","true","56","16.07","64.28","9","36"
"4","59397","Patchwerk","60048","Piloted Shredder","Vulgar Homunculus","%43121%","false","true","56","16.07","64.28","9","36"
"4","59397","Patchwerk","60049","Piloted Sky Golem","Alleycat","%40426%","false","true","1","0.00","100.00","0","1"
"4","59397","Patchwerk","60049","Piloted Sky Golem","Empty Board","","true","true","1","0.00","100.00","0","1"
"4","59397","Patchwerk","60049","Piloted Sky Golem","Murloc Tidehunter","%976%","false","true","1","0.00","100.00","0","1"
"4","59397","Patchwerk","60049","Piloted Sky Golem","Nightmare Amalgam","%49502%","false","true","1","0.00","100.00","0","1"
"4","59397","Patchwerk","60049","Piloted Sky Golem","Rockpool Hunter","%41245%","false","true","1","0.00","100.00","0","1"
"4","59397","Patchwerk","60049","Piloted Sky Golem","Tidehunter, Tidehunter","%976%976%","false","true","1","0.00","100.00","0","1"
"4","59397","Patchwerk","60049","Piloted Sky Golem","Vulgar Homunculus","%43121%","false","true","1","0.00","100.00","0","1"
"4","59397","Patchwerk","60050","Mounted Raptor","Alleycat","%40426%","false","true","1063","13.07","61.24","139","651"
"4","59397","Patchwerk","60050","Mounted Raptor","Alleycat","%40426%","true","true","400","15.00","63.75","60","255"
"4","59397","Patchwerk","60050","Mounted Raptor","Empty Board","","false","true","1447","13.75","62.19","199","900"
"4","59397","Patchwerk","60050","Mounted Raptor","Empty Board","","true","true","16","0.00","37.50","0","6"
"4","59397","Patchwerk","60050","Mounted Raptor","Murloc Tidehunter","%976%","false","true","997","11.53","62.58","115","624"
"4","59397","Patchwerk","60050","Mounted Raptor","Murloc Tidehunter","%976%","true","true","466","18.02","60.51","84","282"
"4","59397","Patchwerk","60050","Mounted Raptor","Nightmare Amalgam","%49502%","false","true","1296","13.04","61.03","169","791"
"4","59397","Patchwerk","60050","Mounted Raptor","Nightmare Amalgam","%49502%","true","true","167","17.96","68.86","30","115"
"4","59397","Patchwerk","60050","Mounted Raptor","Rockpool Hunter","%41245%","false","true","1194","13.31","62.64","159","748"
"4","59397","Patchwerk","60050","Mounted Raptor","Rockpool Hunter","%41245%","true","true","269","14.86","58.73","40","158"
"4","59397","Patchwerk","60050","Mounted Raptor","Tidehunter, Tidehunter","%976%976%","false","true","1397","13.52","62.34","189","871"
"4","59397","Patchwerk","60050","Mounted Raptor","Tidehunter, Tidehunter","%976%976%","true","true","66","15.15","53.03","10","35"
"4","59397","Patchwerk","60050","Mounted Raptor","Vulgar Homunculus","%43121%","false","true","1254","14.27","62.20","179","780"
"4","59397","Patchwerk","60050","Mounted Raptor","Vulgar Homunculus","%43121%","true","true","209","9.56","60.28","20","126"
"4","59397","Patchwerk","60055","Micro Machine","Alleycat","%40426%","false","true","401","11.97","61.09","48","245"
"4","59397","Patchwerk","60055","Micro Machine","Alleycat","%40426%","true","true","90","13.33","67.77","12","61"
"4","59397","Patchwerk","60055","Micro Machine","Empty Board","","false","true","487","12.11","62.21","59","303"
"4","59397","Patchwerk","60055","Micro Machine","Empty Board","","true","true","4","25.00","75.00","1","3"
"4","59397","Patchwerk","60055","Micro Machine","Murloc Tidehunter","%976%","false","true","381","11.28","62.46","43","238"
"4","59397","Patchwerk","60055","Micro Machine","Murloc Tidehunter","%976%","true","true","110","15.45","61.81","17","68"
"4","59397","Patchwerk","60055","Micro Machine","Nightmare Amalgam","%49502%","false","true","442","11.53","61.31","51","271"
"4","59397","Patchwerk","60055","Micro Machine","Nightmare Amalgam","%49502%","true","true","49","18.36","71.42","9","35"
"4","59397","Patchwerk","60055","Micro Machine","Rockpool Hunter","%41245%","false","true","426","12.44","63.61","53","271"
"4","59397","Patchwerk","60055","Micro Machine","Rockpool Hunter","%41245%","true","true","65","10.76","53.84","7","35"
"4","59397","Patchwerk","60055","Micro Machine","Tidehunter, Tidehunter","%976%976%","false","true","471","12.31","62.84","58","296"
"4","59397","Patchwerk","60055","Micro Machine","Tidehunter, Tidehunter","%976%976%","true","true","20","10.00","50.00","2","10"
"4","59397","Patchwerk","60055","Micro Machine","Vulgar Homunculus","%43121%","false","true","422","13.03","63.50","55","268"
"4","59397","Patchwerk","60055","Micro Machine","Vulgar Homunculus","%43121%","true","true","69","7.24","55.07","5","38"
"4","59397","Patchwerk","60122","Pogo-Hopper","Alleycat","%40426%","false","true","230","10.86","61.73","25","142"
"4","59397","Patchwerk","60122","Pogo-Hopper","Alleycat","%40426%","true","true","86","16.27","60.46","14","52"
"4","59397","Patchwerk","60122","Pogo-Hopper","Empty Board","","false","true","313","12.46","61.66","39","193"
"4","59397","Patchwerk","60122","Pogo-Hopper","Empty Board","","true","true","3","0.00","33.33","0","1"
"4","59397","Patchwerk","60122","Pogo-Hopper","Murloc Tidehunter","%976%","false","true","229","10.48","60.26","24","138"
"4","59397","Patchwerk","60122","Pogo-Hopper","Murloc Tidehunter","%976%","true","true","87","17.24","64.36","15","56"
"4","59397","Patchwerk","60122","Pogo-Hopper","Nightmare Amalgam","%49502%","false","true","293","12.28","59.72","36","175"
"4","59397","Patchwerk","60122","Pogo-Hopper","Nightmare Amalgam","%49502%","true","true","23","13.04","82.60","3","19"
"4","59397","Patchwerk","60122","Pogo-Hopper","Rockpool Hunter","%41245%","false","true","265","13.20","63.01","35","167"
"4","59397","Patchwerk","60122","Pogo-Hopper","Rockpool Hunter","%41245%","true","true","51","7.84","52.94","4","27"
"4","59397","Patchwerk","60122","Pogo-Hopper","Tidehunter, Tidehunter","%976%976%","false","true","303","12.21","60.72","37","184"
"4","59397","Patchwerk","60122","Pogo-Hopper","Tidehunter, Tidehunter","%976%976%","true","true","13","15.38","76.92","2","10"
"4","59397","Patchwerk","60122","Pogo-Hopper","Vulgar Homunculus","%43121%","false","true","269","13.75","60.96","37","164"
"4","59397","Patchwerk","60122","Pogo-Hopper","Vulgar Homunculus","%43121%","true","true","47","4.25","63.82","2","30"
